{
  "styles": {
    "popular_scientific": {
      "description": "Dynamic, friendly science communication (v3 - natural dialogue)",
      "default_template_file": "./templates/popular_science_{language}_dynamic.txt",
      "target_length_minutes": 15,
      "target_word_count": 2250
    },
    "technical_deep_dive": {
      "description": "In-depth technical analysis for experts",
      "default_template_file": "./templates/technical_deep_dive_{language}.txt",
      "target_length_minutes": 20,
      "target_word_count": 3000
    },
    "news_brief": {
      "description": "Quick news update format",
      "default_template_file": "./templates/news_brief_{language}.txt",
      "target_length_minutes": 5,
      "target_word_count": 750
    }
  },
  "languages": {
    "german": {
      "name": "Deutsch (German)",
      "code": "de",
      "elevenlabs_voices": {
        "speaker_a_female": "HKUbFf0kZdG11lOEhRi2",
        "speaker_b_male": "dnSxHmjp9jQffMRfRzwo"
      },
      "speed": 1.05
    },
    "english": {
      "name": "English",
      "code": "en",
      "elevenlabs_voices": {
        "speaker_a_female": "Nhs7eitvQWFTQBsf0yiT",
        "speaker_b_male": "oTQK6KgOJHp8UGGZjwUu"
      },
      "speed": 1.05
    },
    "dutch": {
      "name": "Nederlands (Dutch)",
      "code": "nl",
      "elevenlabs_voices": {
        "speaker_a_female": "ANHrhmaFeVN0QJaa0PhL",
        "speaker_b_male": "eWrnzOwO7JvyjacVxTzV"
      },
      "speed": 1.05
    }
  },
  "elevenlabs_settings": {
    "prototype": {
      "quality": "standard",
      "downsample_enabled": true,
      "downsample_bitrate": "64k"
    },
    "production": {
      "quality": "high",
      "downsample_enabled": false
    }
  }
}
